Date,Close,High,Low,Open,Volume,Log_Returns
2014-01,4.3125,4.360499858856201,4.209499835968018,4.264999866485596,119985.0,-0.0039420800880005
2014-02,4.175800037384033,4.293399906158447,4.131999969482422,4.232800006866455,146354.6,-0.01201749175151206
2014-03,4.335200023651123,4.401400089263916,4.2664000511169435,4.297200012207031,175333.8,0.01303720717086244
2014-04,4.758000135421753,4.848249912261963,4.525500059127808,4.559999942779541,199064.5,0.04513693403647447
2014-05,5.078200054168701,5.350799942016602,4.84340009689331,5.0824000358581545,194519.2,-0.009443742229220242
2014-06,5.0032001495361325,5.31299991607666,4.863599872589111,5.056400012969971,194587.8,-0.006915681601385259
2014-07,4.932400035858154,5.082599925994873,4.774200057983398,4.863199901580811,201615.6,0.01759067295446094
2014-08,5.9747501611709595,6.148750066757202,5.673249959945679,5.7779998779296875,185724.75,0.040665689198297876
2014-09,4.903200149536133,5.243000030517578,4.744000053405761,5.1446000099182125,121795.6,-0.057199831407654424
2014-10,4.592399978637696,4.702000141143799,4.506399917602539,4.610599994659424,123196.4,0.00039015182170918023
2014-11,4.510799980163574,4.596399974822998,4.454400062561035,4.550600051879883,107619.0,-0.00853827919537694
2014-12,4.4315999984741214,4.498399925231934,4.396599960327149,4.466800022125244,81889.2,-0.00512731140429384
2014-13,4.4315999984741214,4.478199863433838,4.344000148773193,4.383600044250488,76654.2,0.00782095214750208
2014-14,4.383999919891357,4.445599937438965,4.305200004577637,4.382200050354004,100540.6,-0.00206187404194652
2014-15,4.574199962615967,4.60979995727539,4.502199935913086,4.52839994430542,138175.0,0.007993105050552281
2014-16,4.599500060081482,4.656999945640564,4.514250040054321,4.57449996471405,103318.75,0.006463360152388825
2014-17,4.70359992980957,4.771199893951416,4.677199935913086,4.7230000495910645,71190.0,-0.00400526122561364
2014-18,4.7667999267578125,4.819200038909912,4.703999996185303,4.755399990081787,88539.4,0.0011586751215494407
2014-19,4.665999984741211,4.752000141143799,4.621399974822998,4.719799995422363,103144.0,-0.00621449888366688
2014-20,4.408199977874756,4.4775999069213865,4.355600070953369,4.4293999671936035,97822.8,-0.00527758830050804
2014-21,4.451800060272217,4.518799877166748,4.398599910736084,4.457399940490722,84524.0,-0.0003628894947023606
2014-22,4.556249976158142,4.601000070571899,4.4649999141693115,4.522999882698059,102964.0,0.007656774087947825
2014-23,4.658400058746338,4.678800010681153,4.591199970245361,4.624800014495849,100512.4,0.00726410255158934
2014-24,4.636800003051758,4.7028000831604,4.578000068664551,4.6318000793457035,147351.4,0.0012276387709380609
2014-25,4.638000011444092,4.742399883270264,4.612399959564209,4.677999973297119,101667.2,-0.00897668279767524
2014-26,4.4685999870300295,4.556600093841553,4.421800041198731,4.496999931335449,76234.0,-0.00545896155746598
2014-27,4.419749975204468,4.46274995803833,4.361999869346619,4.416999936103821,84207.0,-0.00017015216441187498
2014-28,4.1729999542236325,4.244399929046631,4.141199970245362,4.225999927520752,101519.6,-0.01216465752348074
2014-29,4.0535999774932865,4.1125999927520756,4.025400018692016,4.0920000076293945,87734.8,-0.009635057355582219
2014-30,3.8021999835968017,3.8647999286651613,3.7685999870300293,3.8205999374389648,73454.2,-0.0087960413961744
2014-31,3.796000051498413,3.85620002746582,3.7483999729156494,3.782000017166138,87364.6,0.0008972279659159602
2014-32,3.9004000186920167,3.9347999572753904,3.838599967956543,3.869400072097778,99667.0,0.0084548566630334
2014-33,3.8903999805450438,3.9742000102996826,3.85,3.9311999797821047,123801.4,-0.00961673339452482
2014-34,3.8441999912261964,3.8951999664306642,3.7826000213623048,3.8234000205993652,92034.4,0.0033614179806299794
2014-35,3.9828000545501707,4.020799970626831,3.9248000144958497,3.96080002784729,86741.2,0.01138828256565078
2014-36,3.837249994277954,3.930500030517578,3.8209999799728394,3.9074999690055847,112878.25,-0.017314124723781726
2014-37,3.898799991607666,3.9459999561309815,3.8291999816894533,3.8892000198364256,122592.6,0.0033464900443040597
2014-38,3.9371999740600585,3.986799955368042,3.903200054168701,3.947999954223633,113822.6,-0.00103978499499488
2014-39,3.906399965286255,3.934600019454956,3.8309999465942384,3.876599979400635,79916.2,0.0075191096311997205
2014-40,4.053799867630005,4.126000022888183,3.9958000659942625,4.057600021362305,120928.2,0.0027421626995806003
2014-41,3.882800006866455,3.948799991607666,3.847599983215332,3.914200019836426,129015.8,-0.00911781418568058
2014-42,3.8187999725341797,3.878000020980835,3.7697999477386475,3.8443999767303465,106607.6,-0.004878927061638521
2014-43,3.656999969482422,3.7032000064849853,3.618400001525879,3.6776000022888184,95596.2,-0.0077422105456512996
2014-44,3.7275999546051026,3.782800006866455,3.6613999366760255,3.7001999855041503,103785.8,0.01334539805696266
2014-45,4.236999988555908,4.301999950408936,4.108599996566772,4.165999984741211,198801.0,0.02605975312538004
2014-46,4.136800050735474,4.266200065612793,4.080599927902222,4.225199937820435,162606.0,-0.018609248828409603
2014-47,4.342199897766113,4.445199966430664,4.18779993057251,4.316999912261963,176858.6,0.01187893477511382
2014-48,4.218999981880188,4.3432499170303345,4.1272499561309814,4.245000004768372,107112.75,-0.010655190679567272
2014-49,3.827400016784668,3.912999963760376,3.7685999870300293,3.8647999286651613,152731.8,-0.014505710587453702
2014-50,3.6764000415802003,3.7682000637054442,3.611400032043457,3.682200002670288,147940.8,-0.0003685650309826802
2014-51,3.629199981689453,3.7862000465393066,3.5995999813079833,3.7298000335693358,117010.4,-0.01825208882111054
2014-52,3.087999999523163,3.218250036239624,3.0477499961853027,3.1894999742507935,83380.25,-0.03537027324707505
2015-01,3.043749988079071,3.152750015258789,2.946250021457672,3.04025000333786,96382.75,-0.0003327744674320749
2015-02,2.9128000259399416,3.02020001411438,2.843000030517578,2.956400012969971,128615.4,-0.0038326888561339605
2015-03,3.0512000560760497,3.1643999576568604,2.918199968338013,3.0356000423431397,174602.8,0.011925151331330718
2015-04,2.9065000414848328,3.0255000591278076,2.827250063419342,2.9487500190734863,150554.25,-0.011534847201590698
2015-05,2.8276000022888184,2.9094000339508055,2.773200035095215,2.858600044250488,105498.0,-0.02080437069659492
2015-06,2.6549999713897705,2.7197999954223633,2.6104000091552733,2.6754000186920166,119557.0,-0.008502228130878938
2015-07,2.717599964141846,2.797000026702881,2.6399999618530274,2.7043999671936034,183547.2,0.016729041676123064
2015-08,2.8437500596046448,2.9014999866485596,2.7505000829696655,2.80950003862381,139138.5,0.012774288439425099
2015-09,2.8211999893188477,2.921999979019165,2.7793999671936036,2.867199993133545,105641.0,-0.015275672223302578
2015-10,2.771799993515015,2.8007999897003173,2.705800008773804,2.733400011062622,112091.6,0.007537229269218839
2015-11,2.7389999866485595,2.7980000495910646,2.6823999881744385,2.7522000789642336,129686.8,-0.008049953924789261
2015-12,2.8180000305175783,2.8775999546051025,2.74660005569458,2.8082000255584716,136409.2,0.004280955397185378
2015-13,2.700799989700317,2.7579999923706056,2.672999954223633,2.734999942779541,80943.8,-0.014589807515552642
2015-14,2.6505000591278076,2.687000095844269,2.6010000109672546,2.6255000829696655,98016.75,0.011599303224715824
2015-15,2.5976000308990477,2.65460000038147,2.583400011062622,2.6329999923706056,119944.4,-0.01547480159165604
2015-16,2.5937999725341796,2.6206000328063963,2.5276000022888185,2.5599999904632567,141241.8,0.0095645159408979
2015-17,2.555799961090088,2.5961999893188477,2.5317999362945556,2.572000026702881,95735.4,-0.007977837118959701
2015-18,2.6279999732971193,2.6405999660491943,2.538599967956543,2.562399959564209,121153.6,0.01847932185342458
2015-19,2.7982000350952148,2.8352000236511232,2.737399959564209,2.76879997253418,126463.8,0.0073558565989405396
2015-20,2.931599998474121,2.9787999629974364,2.8592000007629395,2.9170000076293947,140445.8,0.00922822540247924
2015-21,2.9417999744415284,3.036400032043457,2.923799991607666,2.9729999542236327,123132.6,-0.008742706229297719
2015-22,2.746250033378601,2.8332499861717224,2.7294999957084656,2.8144999742507935,117952.75,-0.02217043470266595
2015-23,2.6393999576568605,2.687999963760376,2.592799997329712,2.6473999977111817,139443.4,-0.00397566967346866
2015-24,2.803399991989136,2.8457999229431152,2.74060001373291,2.7802000045776367,195310.0,0.011988613821259179
2015-25,2.8461999893188477,2.9043999195098875,2.7890000343322754,2.8426000118255614,151827.4,0.004743304239742401
2015-26,2.7682000160217286,2.804800033569336,2.7265999794006346,2.765000009536743,91751.6,-0.0030775331111444005
2015-27,2.8105000257492065,2.8554999828338623,2.7607499957084656,2.793750047683716,129943.0,0.004379023892887076
2015-28,2.7306000232696532,2.7775999546051025,2.692400026321411,2.7354000091552733,129145.8,-0.0037197099159011803
2015-29,2.8691999912261963,2.9145999908447267,2.8217999935150146,2.8611999988555907,144125.0,0.007092935316626562
2015-30,2.838800001144409,2.889800024032593,2.8050000190734865,2.85479998588562,117567.0,-0.00666018780141274
2015-31,2.7960000038146973,2.85,2.7622000217437743,2.804400014877319,95843.0,-0.00437016233960996
2015-32,2.7938000202178954,2.826200008392334,2.74520001411438,2.7760000228881836,157318.6,0.00594893436351664
2015-33,2.841000032424927,2.882800006866455,2.8061999797821047,2.8516000270843507,163509.6,0.0002143254975851796
2015-34,2.7158000469207764,2.762000036239624,2.691200017929077,2.7361999988555907,113833.8,-0.009130670407974599
2015-35,2.676200008392334,2.706800031661987,2.6473999977111817,2.6754000186920166,78659.4,0.002893747063043521
2015-36,2.683799934387207,2.7127999305725097,2.6451999664306642,2.6808000087738035,105007.0,-0.00446945557089282
2015-37,2.684250056743622,2.7197499871253967,2.649500012397766,2.6705000400543213,140188.75,0.0035527997375669742
2015-38,2.6805999755859373,2.72979998588562,2.6549999713897705,2.7031999588012696,113748.4,-0.00664463206819664
2015-39,2.574799966812134,2.5998000621795656,2.544000005722046,2.5782000064849853,86639.8,-0.00317283717416792
2015-40,2.511399984359741,2.5872000217437745,2.4928000450134276,2.5625999927520753,134760.2,-0.00901448044537744
2015-41,2.4788000106811525,2.5127999782562256,2.448199987411499,2.4696000099182127,143564.8,0.0041188709938778
2015-42,2.4868000030517576,2.539400053024292,2.4655999660491945,2.51080002784729,146022.0,-0.00583983291486242
2015-43,2.398799991607666,2.456400012969971,2.3777999877929688,2.4360000133514403,129293.0,-0.01221754272228244
2015-44,2.153000020980835,2.2329999923706056,2.0853999614715577,2.187999963760376,144988.2,0.0030389197623306983
2015-45,2.3012000560760497,2.3337999820709228,2.257600021362305,2.2855999946594237,146528.4,0.0042627317557188795
2015-46,2.3007999897003173,2.3610000133514406,2.266599988937378,2.312000036239624,156637.8,-0.0008453089697231603
2015-47,2.3047999858856203,2.383400011062622,2.2642000198364256,2.347599983215332,134063.2,-0.01918914809337276
2015-48,2.2070000171661377,2.2459999918937683,2.1297500133514404,2.2005000710487366,77934.0,0.007689372971216925
2015-49,2.1995999813079834,2.2289999961853026,2.1634000301361085,2.1995999813079834,119088.4,-0.0023647191768550796
2015-50,2.0407999992370605,2.0965999603271483,2.015999984741211,2.075,173866.0,-0.01878775919195408
2015-51,1.8055999994277954,1.867199969291687,1.7699999809265137,1.8360000133514405,166900.4,-0.02377029457183108
2015-52,1.952750027179718,1.9870000183582306,1.8745000064373016,1.917749971151352,111157.5,0.034564977948775825
2015-53,2.2877499461174016,2.337000012397766,2.1899999380111694,2.228749990463257,128735.5,0.035331231846873
2016-01,2.355999994277954,2.400999927520752,2.2766000270843505,2.337599992752075,160761.6,0.011231896535363599
2016-02,2.232199954986572,2.323199987411499,2.2127999782562258,2.2978000164031984,140545.6,-0.03261803864253568
2016-03,2.121500015258789,2.168999969959259,2.075749933719635,2.1075000166893005,123225.5,0.0046002755623799
2016-04,2.2013999938964846,2.2361999988555907,2.135200023651123,2.169199991226196,120816.0,0.0143401640381842
2016-05,2.050000023841858,2.111400032043457,2.0059999942779543,2.081599998474121,166668.2,-0.02157560104682168
2016-06,2.048800015449524,2.1065999984741213,2.0236000061035155,2.075599956512451,150909.8,-0.009632042937219679
2016-07,1.8752500116825104,1.9367500245571139,1.8537499904632568,1.9202499687671661,124859.75,-0.021498642273646375
2016-08,1.7765999794006349,1.8115999937057494,1.742799997329712,1.7920000076293945,92853.6,-0.0014464609742108406
2016-09,1.6871999979019165,1.725600004196167,1.6545999765396118,1.6914000272750855,146954.2,-0.014469715794871
2016-10,1.7528000116348266,1.787000012397766,1.706000018119812,1.725000023841858,157141.2,0.01790185291940414
2016-11,1.876199984550476,1.9085999965667724,1.8220000267028809,1.8601999759674073,131110.4,0.009119296923899501
2016-12,1.8227500021457672,1.8760000169277191,1.7882499694824219,1.8409999907016754,110550.25,-0.013604211571657674
2016-13,1.9324000120162963,1.960200047492981,1.880999994277954,1.914400005340576,124201.0,0.01595742093434288
2016-14,1.9741999864578248,2.0251999139785766,1.9363999605178832,1.9704000234603882,159323.8,0.0034466174061158206
2016-15,1.964799976348877,2.0094000339508056,1.934600019454956,1.9814000129699707,156623.0,-0.0090457410957301
2016-16,2.0610000610351564,2.0874000549316407,1.9875999450683595,2.007800006866455,160224.8,0.02357998800086362
2016-17,2.0692000150680543,2.13439998626709,2.0164000034332275,2.09520001411438,142163.2,0.0035202268392182405
2016-18,2.089200019836426,2.1389999866485594,2.0482000350952148,2.0995999813079833,138997.6,-0.00719871135959174
2016-19,2.1360000133514405,2.1662000179290772,2.0970000267028808,2.133000040054321,143217.0,-0.00047654198472273925
2016-20,2.03580002784729,2.0705999374389648,2.0028000116348266,2.0435999393463136,130184.8,-0.0032708684718329604
2016-21,2.0318000078201295,2.08079993724823,1.998200011253357,2.0507999658584595,102909.8,0.01011795746893942
2016-22,2.368000030517578,2.3917499780654907,2.294000029563904,2.3050000071525574,173917.0,0.02509221672156535
2016-23,2.5162000179290773,2.542199993133545,2.452400016784668,2.484399938583374,185806.0,0.012761695375180421
2016-24,2.5973999977111815,2.636999988555908,2.5595999717712403,2.5908000469207764,141415.4,0.00517502619542626
2016-25,2.7103999614715577,2.7486000537872313,2.65120005607605,2.706600046157837,122718.6,0.0029518065014747193
2016-26,2.8814000129699706,2.9173999786376954,2.787600040435791,2.8069999694824217,128924.0,0.02303836752831036
2016-27,2.7820000052452087,2.853250026702881,2.7304999828338623,2.8109999299049377,137347.5,-0.016073249226408126
2016-28,2.7311999797821045,2.7936000347137453,2.6926000118255615,2.7509999752044676,134999.0,-0.0032392340240117792
2016-29,2.7153999328613283,2.7642000198364256,2.6710000038146973,2.7165999889373778,107419.2,0.0015181644179794202
2016-30,2.775999927520752,2.828800010681152,2.710399961471558,2.74660005569458,118470.4,0.007005844838102701
2016-31,2.789800024032593,2.8515999794006346,2.7567999362945557,2.8037999629974366,137073.2,-0.0073662612989488395
2016-32,2.6122000217437744,2.6769999980926515,2.5826000213623046,2.642199993133545,180225.8,-0.013891368217838141
2016-33,2.6168000221252443,2.6562000274658204,2.5794000148773195,2.611600065231323,118509.6,-0.00015472766821955918
2016-34,2.7905999660491942,2.8100000381469727,2.7085999965667726,2.731599950790405,100323.8,0.021064358068803
2016-35,2.8302000045776365,2.890800046920776,2.8018000602722166,2.8515999794006346,127919.6,-0.005580442872992539
2016-36,2.7490000128746033,2.7945000529289246,2.7087499499320984,2.744999945163727,157108.0,0.00044729623976344913
2016-37,2.9175999641418455,2.9501999855041503,2.851800012588501,2.886799955368042,156373.6,0.010515913825736859
2016-38,2.9965999603271483,3.0480000019073485,2.953600025177002,3.007800006866455,126862.2,0.00047433324806347917
2016-39,2.9619999885559083,3.008799982070923,2.934600019454956,2.9859999656677245,105432.0,-0.0033442189355690002
2016-40,3.034000015258789,3.054800033569336,2.9305999755859373,2.9696000099182127,185783.6,0.01883668157250036
2016-41,3.268250048160553,3.321999967098236,3.2052500247955322,3.262750029563904,198438.5,0.007101434960128199
2016-42,3.1622000217437742,3.234199953079224,3.1317999839782713,3.213000011444092,146936.4,-0.01861808779955152
2016-43,2.840999984741211,2.9233999729156492,2.7818000316619873,2.8884000301361086,138688.8,0.007347496492278521
2016-44,2.851200008392334,2.948199987411499,2.812599945068359,2.913800048828125,173705.0,-0.02305000703984082
2016-45,2.6927499771118164,2.800499975681305,2.627250015735626,2.7457500100135803,187014.5,-0.012504921115205226
2016-46,2.753600025177002,2.8064000606536865,2.675600004196167,2.7172000408172607,137953.4,0.01542316159805126
2016-47,3.0107500553131104,3.0425000190734863,2.9300000071525574,2.9574999809265137,81752.5,0.0204229649660389
2016-48,3.3680000782012938,3.4224000453948973,3.2772000312805174,3.3402000427246095,176949.4,0.021551273208093018
2016-49,3.666599988937378,3.7285999774932863,3.548799991607666,3.5965999603271483,222031.0,0.017276116401269498
2016-50,3.4739999771118164,3.5546000003814697,3.420199966430664,3.514400005340576,172065.6,-0.018502227183426798
2016-51,3.4794000148773194,3.558399963378906,3.381999969482422,3.435599994659424,126306.6,0.013966389650733341
2016-52,3.8042500019073486,3.8782500624656677,3.6985000371932983,3.7857499718666077,109681.5,0.004197230790672125
2017-01,3.287999987602234,3.4075000286102295,3.222249984741211,3.362249970436096,193542.25,-0.03135791880101375
2017-02,3.281999969482422,3.367799997329712,3.2093999862670897,3.2668000221252442,168966.6,0.007996281274551821
2017-03,3.32150000333786,3.425249993801117,3.2705000042915344,3.374000072479248,137727.25,-0.016237014105471972
2017-04,3.3254000186920165,3.3809999942779543,3.2507999897003175,3.2927999973297117,104643.2,0.01134496893800952
2017-05,3.1534000396728517,3.2429999828338625,3.119799995422363,3.2050000190734864,159764.2,-0.02034601133726656
2017-06,3.0961999893188477,3.1431999683380125,3.046400022506714,3.0926000118255614,162235.2,-0.0019025922993044994
2017-07,2.892400026321411,2.9585999965667726,2.8764000415802,2.9227999687194823,139402.4,-0.013638534843769739
2017-08,2.600000023841858,2.7100000381469727,2.5584999918937683,2.6482499837875366,121538.5,-0.018961658505928698
2017-09,2.7793999671936036,2.802400016784668,2.712000036239624,2.756599950790405,158912.0,0.014674699604425
2017-10,2.9215999603271485,2.964799976348877,2.8720000267028807,2.9036000251770018,184935.8,0.01241186550887272
2017-11,2.962399959564209,3.019799995422363,2.922000026702881,2.986399936676025,138917.6,-0.004029682609495341
2017-12,3.0543999671936035,3.0895999908447265,2.9888000011444094,3.028999996185303,129498.0,0.00850061695665616
2017-13,3.1407999992370605,3.179800033569336,3.088000011444092,3.132599973678589,103897.8,0.007278178230353939
2017-14,3.2558000087738037,3.3127999782562254,3.1961999893188477,3.2461999893188476,171895.2,0.00440258738448324
2017-15,3.200500011444092,3.250249981880188,3.162499964237213,3.2082499861717224,174852.75,-0.0026202397944629745
2017-16,3.150600004196167,3.2116000175476076,3.126200008392334,3.180400037765503,137095.6,-0.0079656499205332
2017-17,3.1532000064849854,3.1932000160217284,3.1039999961853026,3.1410000324249268,117828.4,0.010979702020269759
2017-18,3.217999982833862,3.2710000038146974,3.1797999858856203,3.2167999744415283,130106.6,-0.0006114337002301199
2017-19,3.298199987411499,3.33580002784729,3.2276000022888183,3.2562000274658205,188058.6,0.0094486922089768
2017-20,3.2417999744415282,3.3116000175476072,3.211400032043457,3.2740000247955323,157975.2,-0.010062000898679358
2017-21,3.2356000423431395,3.2878000259399416,3.1956000328063965,3.2480000019073487,100591.8,-0.0012322885940485397
2017-22,3.055750012397766,3.1515000462532043,3.0447500348091125,3.131749987602234,201807.5,-0.019014773530716175
2017-23,3.0222000598907472,3.067799997329712,2.98459997177124,3.0244000434875487,162433.6,0.00264992025944136
2017-24,3.0032000064849855,3.0578000068664553,2.9631999015808104,2.999399995803833,173675.4,-0.0001316717274843799
2017-25,2.9033999919891356,2.9467999935150146,2.876800012588501,2.91080002784729,132186.0,-0.007241826522195819
2017-26,3.041599988937378,3.073199987411499,3.001800012588501,3.0351999759674073,107658.0,0.0071100837616541995
2017-27,2.8857499957084656,2.9774999618530273,2.865749955177307,2.9142499566078186,171526.5,-0.014498043764121699
2017-28,2.9803999423980714,3.012400007247925,2.9271999835968017,2.961800050735474,174499.0,0.007940805836508922
2017-29,3.037400007247925,3.080800008773804,3.0033999919891357,3.036400032043457,137114.4,-0.0006722688940259194
2017-30,2.9354000091552734,2.970199966430664,2.900200033187866,2.929800033569336,96699.0,-0.00196246161282474
2017-31,2.7995999813079835,2.8435999870300295,2.7739999771118162,2.8256000518798827,132996.0,-0.0116918715862803
2017-32,2.894799995422363,2.906999969482422,2.836199951171875,2.8482000827789307,172626.8,0.014527844501596898
2017-33,2.921199989318848,2.9579999446868896,2.8935999393463137,2.938800048828125,122251.0,-0.00612710637294314
2017-34,2.9339999198913573,2.9754000186920164,2.898400068283081,2.9330000400543215,117290.2,-6.913932978978022e-05
2017-35,2.9869999408721926,3.01560001373291,2.916599988937378,2.9567999839782715,119764.2,0.01194584988152246
2017-36,2.9607499837875366,3.0237499475479126,2.944499969482422,2.990749955177307,166553.25,-0.015105250357681475
2017-37,3.0205999851226806,3.0507999897003173,2.974399995803833,2.996000051498413,190493.2,0.00906477931133106
2017-38,3.0534000396728516,3.1079999923706056,3.0249999523162843,3.0712000370025634,184131.8,-0.0043458048351184605
2017-39,2.966999959945679,3.0110000133514405,2.942799997329712,2.97020001411438,126918.0,0.00321829661062418
2017-40,2.9073999881744386,2.9697999954223633,2.883400011062622,2.935399961471558,194059.6,-0.0098145794109292
2017-41,2.9203999996185304,2.957599925994873,2.8829999446868895,2.895599937438965,217769.8,0.0093484583730419
2017-42,2.9099999904632567,2.958800029754639,2.8618000030517576,2.918400001525879,221665.2,-0.005748496390418799
2017-43,2.9052000045776367,2.971999979019165,2.8822000503540037,2.95819993019104,129726.2,-0.01150837053682658
2017-44,2.9347999572753904,2.9789999961853026,2.89520001411438,2.933399963378906,167420.2,0.01618734348867388
2017-45,3.1748000144958497,3.1900000095367433,3.1152000427246094,3.144199991226196,230588.6,0.01478808541222964
2017-46,3.099799966812134,3.1553999900817873,3.069600009918213,3.11560001373291,199889.8,-0.0073542470226780204
2017-47,2.9612499475479126,3.041499972343445,2.947499990463257,3.018999993801117,132010.75,-0.024045586699549874
2017-48,3.053399991989136,3.116200017929077,2.996999979019165,3.042400026321411,217797.8,0.0168980357711801
2017-49,2.8711999893188476,2.9655999660491945,2.8432000160217283,2.931200075149536,256825.0,-0.0198345174636126
2017-50,2.703399991989136,2.7784000396728517,2.669199991226196,2.743600082397461,232470.0,-0.01189058022596308
2017-51,2.6677999973297117,2.730800008773804,2.616599988937378,2.675999975204468,176025.8,0.004167611781373702
2017-52,2.8119999766349792,2.8737499713897705,2.7205000519752502,2.756500005722046,210566.5,0.0254668400186392
2018-01,2.934750020503998,3.0274999737739563,2.8670000433921814,2.990500032901764,285179.0,-0.013747373027653501
2018-02,2.9896000385284425,3.037400007247925,2.886399984359741,2.930999994277954,318399.2,0.027063738160639624
2018-03,3.1837499737739563,3.242500066757202,3.084999978542328,3.1762499809265137,283665.0,-0.001174638412080625
2018-04,3.4258000373840334,3.5426000595092773,3.320800018310547,3.38459997177124,173338.6,0.01914765641575896
2018-05,3.104599952697754,3.2002000331878664,3.0167999267578125,3.1178000450134276,280220.2,-0.04165521377678514
2018-06,2.6978000164031983,2.7818000316619873,2.6751999855041504,2.749799966812134,206713.2,-0.019315171104205758
2018-07,2.5742000102996827,2.6167999744415282,2.5444000244140623,2.584999990463257,170168.6,-0.00202257825524836
2018-08,2.6334999799728394,2.6612499952316284,2.5722500681877136,2.6205000281333923,100123.0,0.006463789646867375
2018-09,2.676399993896484,2.710199975967407,2.6411999702453612,2.674200010299683,151695.2,0.005263456709322319
2018-10,2.743600034713745,2.7634000301361086,2.713599967956543,2.7402000427246094,134929.0,0.00272716066185098
2018-11,2.732800006866455,2.772800016403198,2.7070000171661377,2.7457999706268312,136581.0,-0.0032473147441108006
2018-12,2.6344000339508056,2.681400012969971,2.6228000640869142,2.657400035858154,107536.4,-0.00735069533617738
2018-13,2.685000002384186,2.7109999656677246,2.643999993801117,2.6607500314712524,111748.5,0.013338997275931276
2018-14,2.6947999954223634,2.7288000106811525,2.6636000156402586,2.699399995803833,142597.0,-0.0023555711942780805
2018-15,2.6889999866485597,2.716000032424927,2.6450000286102293,2.6805999279022217,193371.6,0.00250186637748148
2018-16,2.7256000518798826,2.7653999805450438,2.6999999999999997,2.731999969482422,147154.6,0.0002923045413913798
2018-17,2.77979998588562,2.8034000396728516,2.7472000122070312,2.7769999504089355,104122.4,0.0023230625233054197
2018-18,2.751200008392334,2.7848000526428223,2.726799964904785,2.764400005340576,139373.2,-0.004378134997754879
2018-19,2.765999984741211,2.7883999824523924,2.725600004196167,2.7458000659942625,158672.0,0.006888484357717139
2018-20,2.839799976348877,2.8573999881744383,2.8085999965667723,2.8311999797821046,127476.6,0.0029011575575755002
2018-21,2.9021999835968018,2.9215999603271485,2.867199993133545,2.881999969482422,112673.4,0.006360716603212099
2018-22,2.9184999465942383,2.959249973297119,2.88100004196167,2.9257500171661377,149743.75,0.0019488323350020753
2018-23,2.907200050354004,2.9492000102996827,2.8881999969482424,2.9232000350952148,140007.4,-0.00492162827232698
2018-24,2.967599964141846,2.988600015640259,2.9210000038146973,2.947599983215332,164855.2,0.00893247000844136
2018-25,2.946999979019165,2.9960000038146974,2.9234000205993653,2.973800039291382,137305.8,-0.005162018806000021
2018-26,2.9444000244140627,2.9759999752044677,2.9188000679016115,2.95,105836.6,-0.00143124881360666
2018-27,2.856749951839447,2.8940000534057617,2.8384999632835393,2.8632500171661377,130517.25,-0.0057076142112632
2018-28,2.7988000392913817,2.8342000007629395,2.7835999965667724,2.8157999992370604,122809.0,-0.0075588278981201604
2018-29,2.7492000102996825,2.7760000228881836,2.7287999629974364,2.7549999713897706,111477.4,0.0003630333881304397
2018-30,2.7660000324249268,2.778999996185303,2.7392000198364257,2.750200033187866,76573.4,0.004660548384096739
2018-31,2.801199960708618,2.824600028991699,2.767199993133545,2.7877999782562255,144815.4,0.0021850366530459806
2018-32,2.9209999561309816,2.9260000228881835,2.8820000648498536,2.8988000392913817,153406.0,0.00627963133040232
2018-33,2.9366000652313233,2.959999990463257,2.909600019454956,2.932200002670288,117585.0,0.00013582977937778019
2018-34,2.9516000270843508,2.9798000335693358,2.9310000419616697,2.9627999782562258,108066.2,-0.00197852837184722
2018-35,2.882599973678589,2.90479998588562,2.8570000171661376,2.880399990081787,96034.8,-6.858672783251959e-05
2018-36,2.7915000319480896,2.824750006198883,2.780500054359436,2.8117499947547913,152297.75,-0.012300431329792125
2018-37,2.8089999675750734,2.8377999305725097,2.7844000816345216,2.807799959182739,149565.6,-0.0006494729121027401
2018-38,2.921600008010864,2.9389999866485597,2.8610000133514406,2.8759999752044676,174501.8,0.01463047901277536
2018-39,3.040999984741211,3.079200029373169,2.978399991989136,3.0247999668121337,157568.0,0.00207185809073642
2018-40,3.1595999717712404,3.2092000007629395,3.1005999565124513,3.1423999786376955,218135.0,0.008780470032859
2018-41,3.2399999618530275,3.315399980545044,3.1906000137329102,3.255799961090088,239841.8,0.0011421430892723191
2018-42,3.2498000144958494,3.300999975204468,3.1950000286102296,3.2559999942779543,154981.0,0.005553311776872519
2018-43,3.180599927902222,3.2346000194549562,3.130200004577637,3.186199998855591,118548.0,-0.00404054505662538
2018-44,3.2307999610900877,3.280999946594238,3.1709999561309816,3.211199998855591,157598.0,0.00612197922760874
2018-45,3.5878000259399414,3.6217999935150145,3.496400022506714,3.52979998588562,222802.6,0.0248785349856534
2018-46,4.207199954986573,4.436600017547607,3.89520001411438,4.065999984741211,336358.6,0.02772544422721256
2018-47,4.495499968528748,4.719499945640564,4.335750102996826,4.496250033378601,205570.25,0.0020979290998881725
2018-48,4.49660005569458,4.572599983215332,4.24180006980896,4.349199962615967,156872.6,0.01363756405299874
2018-49,4.402750015258789,4.542249917984009,4.275749921798706,4.429250001907349,166289.5,-0.006813612601135326
2018-50,4.207800054550171,4.412199974060059,4.131199979782105,4.325800037384033,184122.8,-0.031865193699071634
2018-51,3.6982000350952147,3.850399971008301,3.5624000072479247,3.693599987030029,135893.0,-0.0005756862876269197
2018-52,3.4887499809265137,3.6562499403953552,3.3707500100135803,3.5552499890327454,90901.5,-0.03609290281579637
2019-01,2.97174996137619,3.059750020503998,2.9017500281333923,2.980750024318695,136727.0,-0.020414681943661226
2019-02,2.9926000118255613,3.06419997215271,2.949799966812134,2.9809999465942383,130415.6,0.00358141217407372
2019-03,3.4742000579833983,3.625600004196167,3.324000024795532,3.452000045776367,183854.0,0.023305480448942338
2019-04,3.0742499828338623,3.2227500081062317,3.0044999718666077,3.1425000429153442,116485.5,-0.022838703488136998
2019-05,2.8526000022888183,2.927999973297119,2.8110000133514403,2.8920000076293944,111227.0,-0.03009726665404696
2019-06,2.6236000061035156,2.6943999767303466,2.6104000091552733,2.662199926376343,131347.6,-0.01136284674849176
2019-07,2.6205999851226807,2.6721999645233154,2.584600019454956,2.6250000476837156,151419.2,0.0032258806688347215
2019-08,2.677999973297119,2.6990000009536743,2.6362499594688416,2.6570000052452087,98726.25,0.0086118593021613
2019-09,2.8322000026702883,2.857200002670288,2.769600009918213,2.796199989318848,114179.8,0.010188713749317981
2019-10,2.862600040435791,2.8883999824523925,2.8304000377655028,2.859999990463257,105844.6,0.0004192902993173799
2019-11,2.8052000045776366,2.838200044631958,2.7788000106811523,2.8173999786376953,99221.2,-0.0049472439183531215
2019-12,2.823600006103516,2.857800006866455,2.7877999782562255,2.8289999961853027,100514.0,-0.00302818002441856
2019-13,2.7164000034332276,2.7496000289916993,2.693599987030029,2.7314000129699707,83127.6,-0.0067227072040859
2019-14,2.6751999855041504,2.703399991989136,2.651200008392334,2.675600051879883,115357.4,0.00015021356090246015
2019-15,2.686199998855591,2.7145999908447265,2.664400053024292,2.689799976348877,129647.0,-0.00030052210097002
2019-16,2.5422499775886536,2.587500035762787,2.533999979496002,2.578249990940094,138488.0,-0.0165108601885374
2019-17,2.5041999340057375,2.5314000129699705,2.4593999862670897,2.4901999950408937,96024.0,0.0060131091880566605
2019-18,2.5887999534606934,2.613400030136108,2.5578000068664553,2.5889999866485596,100562.4,7.792149257467955e-05
2019-19,2.5769999504089354,2.5998000144958495,2.5401999950408936,2.563200044631958,126769.0,0.0040109363587528
2019-20,2.630200004577637,2.6598000526428223,2.6033999919891357,2.626200008392334,105028.4,0.0009142937007088006
2019-21,2.6010000228881838,2.637000036239624,2.570800018310547,2.608400011062622,120840.0,-0.00252441613410436
2019-22,2.553999960422516,2.6142499446868896,2.5232499837875366,2.5889999866485596,141100.25,-0.014255648150584698
2019-23,2.3715999603271483,2.4177999973297117,2.345800018310547,2.3962000370025636,155924.4,-0.009770266976412841
2019-24,2.370800018310547,2.3919999599456787,2.3339999675750733,2.3604000568389893,158912.2,0.00423387453260372
2019-25,2.272200012207031,2.340999984741211,2.256599998474121,2.3173999786376953,143532.4,-0.01759278860533756
2019-26,2.3067999839782716,2.331599998474121,2.25600004196167,2.275999975204468,94649.8,0.010861589434419
2019-27,2.303749978542328,2.3422499895095825,2.237250030040741,2.2807499766349792,143706.0,0.011639839608172125
2019-28,2.4282000064849854,2.4722000122070313,2.3869999408721925,2.4282000064849854,196783.2,0.0028742096350269004
2019-29,2.311199951171875,2.3756000041961665,2.2958000183105467,2.35479998588562,143438.4,-0.01718745270850336
2019-30,2.2489999771118163,2.290000009536743,2.224199962615967,2.264400005340576,97096.2,-0.007421667842290719
2019-31,2.166800022125244,2.225399923324585,2.1191999912261963,2.167199945449829,185775.0,-0.004475698130331158
2019-32,2.102199983596802,2.137399959564209,2.065199947357178,2.0968000411987306,177585.6,-0.00018868807584317935
2019-33,2.1654000282287598,2.2052000045776365,2.1222000122070312,2.153599977493286,162780.6,0.007502624511021119
2019-34,2.1817999839782716,2.2103999614715577,2.1486000061035155,2.1797999858856203,128170.2,-0.004411952556664681
2019-35,2.2527999877929688,2.2711999893188475,2.2007999420166016,2.224799966812134,125045.4,0.011993688530693821
2019-36,2.4334999918937683,2.4487500190734863,2.34975004196167,2.377749979496002,217878.75,0.022080852307681552
2019-37,2.580999994277954,2.6159999847412108,2.532200050354004,2.5667999744415284,230122.8,0.009238435087627539
2019-38,2.6116000175476075,2.664800024032593,2.581599998474121,2.6456000328063967,173094.4,-0.006216519258452439
2019-39,2.4728000164031982,2.5293999671936036,2.442400026321411,2.5033999919891357,121367.4,-0.0105330030728257
2019-40,2.308199977874756,2.355399990081787,2.2613999366760256,2.3164000034332277,210482.2,-0.004373601139174359
2019-41,2.2513999938964844,2.301399993896484,2.2342000007629395,2.2712000370025636,213496.2,-0.01209304019388974
2019-42,2.3119999885559084,2.354199981689453,2.26879997253418,2.29520001411438,170130.4,0.009353265729515581
2019-43,2.281599998474121,2.3232000350952147,2.247399997711182,2.289200019836426,157336.8,-0.0017316109401017197
2019-44,2.6161999702453613,2.657800006866455,2.518399953842163,2.5552000522613527,212840.8,0.03310289085803086
2019-45,2.814400053024292,2.868400001525879,2.7851999759674073,2.8211999893188477,228198.4,0.005451912892406241
2019-46,2.6386000156402587,2.7002000331878664,2.605200004577637,2.657000017166138,210662.8,-0.007377142355267779
2019-47,2.5733999729156496,2.6122000217437744,2.524399995803833,2.570599985122681,150891.0,-0.0017186731750306592
2019-48,2.4457499384880066,2.578000068664551,2.422249972820282,2.5587499737739563,175282.25,-0.038897536079887246
2019-49,2.3860000133514405,2.4484000205993652,2.3441999912261964,2.38439998626709,230523.4,0.00459393645557212
2019-50,2.272600030899048,2.3079999923706054,2.2222000122070313,2.2634000301361086,248592.8,-0.0032830202286570007
2019-51,2.309400033950806,2.3426000118255614,2.2670000553131104,2.306800031661987,179337.4,0.0027682158490999
2019-52,2.209499955177307,2.268750011920929,2.168999969959259,2.227999985218048,113841.0,-0.018956924015932623
2020-01,2.1567500233650208,2.2039999961853027,2.1329999566078186,2.187749981880188,137613.5,-0.0032649574627699003
2020-02,2.161199951171875,2.1880000114440916,2.1116000175476075,2.1461999893188475,214584.2,0.006648792135075
2020-03,2.1137999534606933,2.1836000442504884,2.1010000705718994,2.1579999923706055,230684.6,-0.01894398539329018
2020-04,1.9047499895095825,1.959250032901764,1.8774999976158142,1.9337499737739563,204426.5,-0.014120797851167825
2020-05,1.8765999794006347,1.9215999841690063,1.851200032234192,1.8949999809265137,131744.8,-0.0055707989483166805
2020-06,1.8543999910354614,1.8911999940872193,1.8234000205993652,1.8558000087738038,200325.6,0.0018383561874553
2020-07,1.8121999979019165,1.8381999731063843,1.783799982070923,1.8089999675750732,277658.2,-0.0022733697934999805
2020-08,1.9402499794960022,1.9777500331401825,1.8967499732971191,1.9327499866485596,251439.5,0.009087045144565625
2020-09,1.7861999988555908,1.8413999795913696,1.7627999782562256,1.8287999868392943,160733.0,-0.024662013735799498
2020-10,1.772599983215332,1.8125999927520753,1.7364000082015991,1.7717999935150146,181968.2,0.0028302276200957805
2020-11,1.8603999853134154,1.9234000205993653,1.7618000030517578,1.8287999868392943,292535.6,0.018016088608074198
2020-12,1.6812000036239625,1.7570000171661377,1.643999981880188,1.7301999807357789,179554.0,-0.030580602763988485
2020-13,1.6369999885559081,1.6721999883651733,1.5898000001907349,1.6185999870300294,87170.6,0.0037060939601465392
2020-14,1.6180000305175781,1.6801999807357788,1.5760000228881836,1.6233999967575072,141802.2,-0.0015975374959484186
2020-15,1.7747499942779543,1.8524999916553497,1.7172499895095825,1.7762499749660492,219866.0,0.01670268983077605
2020-16,1.6822000026702881,1.748199987411499,1.6265999794006347,1.679200005531311,195987.8,0.0022949168122905193
2020-17,1.8490000247955323,1.9375999927520753,1.752400016784668,1.8561999797821045,169510.4,-0.000800226199027279
2020-18,1.8641999959945679,1.9430000066757203,1.7704000234603883,1.858999991416931,147084.0,0.01584986691804306
2020-19,1.9576000213623046,2.0390000104904176,1.9083999872207642,1.9791999816894534,235694.2,-0.0072186701833281425
2020-20,1.6978000164031983,1.7854000091552735,1.665399980545044,1.7396000146865844,216875.0,-0.02042707030578138
2020-21,1.765000009536743,1.8283999919891358,1.716000008583069,1.7604000091552734,155572.2,0.010070225256872739
2020-22,1.7977499961853027,1.8462500274181366,1.7442499995231628,1.804250031709671,147118.0,0.016486423671195627
2020-23,1.795199990272522,1.8455999851226808,1.7685999870300293,1.8028000116348266,174071.6,-0.007381728296484438
2020-24,1.7759999752044677,1.8215999841690063,1.734600019454956,1.7971999883651733,195893.8,-0.00580741064047202
2020-25,1.6456000089645386,1.6878000020980835,1.620199990272522,1.6628000020980835,151579.2,-0.0072949165896564
2020-26,1.575,1.6392000198364258,1.5428000211715698,1.598799991607666,85971.8,-0.02201969047220902
2020-27,1.7162500023841858,1.7582500278949738,1.6432499885559082,1.6777499914169312,193980.75,0.03707616240666439
2020-28,1.8228000164031983,1.8800000190734862,1.771999979019165,1.8064000129699707,197255.6,0.008025940613332441
2020-29,1.7408000230789185,1.7872000217437745,1.710800004005432,1.7531999826431275,127750.6,-0.00987994150446744
2020-30,1.7179999828338623,1.7417999744415282,1.6544000148773192,1.6982000350952149,121952.8,0.010212077872028
2020-31,1.8031999826431275,1.8571999788284301,1.7601999998092652,1.8157999992370606,102741.2,-0.00099805516239388
2020-32,2.1776000022888184,2.2305999755859376,2.0694000244140627,2.0986000061035157,232705.8,0.04367032072782519
2020-33,2.202799987792969,2.2509999752044676,2.12960000038147,2.182599973678589,190627.8,0.010276534146177019
2020-34,2.3964000225067137,2.4447999477386473,2.321600008010864,2.387600040435791,135997.8,0.007661220565844661
2020-35,2.539800024032593,2.6007999897003176,2.449600028991699,2.5176000118255617,109075.0,0.016385269046852818
2020-36,2.5436000347137453,2.61560001373291,2.4603999614715577,2.5490000247955322,200143.0,-0.0052624583398563005
2020-37,2.349500000476837,2.4520000219345093,2.308750033378601,2.412249982357025,171961.0,-0.03288654253768125
2020-38,2.205800008773804,2.3039999485015867,2.141000008583069,2.243999981880188,155060.8,-0.0204950949320258
2020-39,2.0361999750137327,2.1444000005722046,1.9375999927520753,2.0194000005722046,112068.0,0.008694929378224383
2020-40,2.4308000087738035,2.5374000549316404,2.349799966812134,2.482200002670288,155037.8,0.02616792292575154
2020-41,2.6217999935150145,2.7176000595092775,2.508600044250488,2.562199926376343,192366.8,0.02342895563254426
2020-42,2.784000015258789,2.8581999778747558,2.6989999771118165,2.7818000316619873,167895.8,0.0023213945928315218
2020-43,2.941800022125244,2.993000030517578,2.85,2.875800037384033,118214.0,0.013793762878651819
2020-44,3.138800048828125,3.192799997329712,3.0534000396728516,3.1145999908447264,102104.4,0.02425102179657388
2020-45,3.035799980163574,3.161799955368042,3.00959997177124,3.1324000358581543,169386.2,-0.029917893140876516
2020-46,2.961999940872192,3.0297999382019043,2.8953999996185305,2.9321999549865723,135560.6,0.00727599367270784
2020-47,2.668599987030029,2.765000009536743,2.623199987411499,2.712599992752075,132138.2,-0.024476903474182903
2020-48,2.806249976158142,2.846249997615814,2.7175000309944153,2.7822500467300415,71641.0,0.0175750334681655
2020-49,2.7248000144958495,2.8585999488830565,2.668399953842163,2.7834000110626222,167764.0,-0.019802051444971058
2020-50,2.4781999588012695,2.542200040817261,2.4154000282287598,2.4678000450134276,198523.0,0.0012388759728731203
2020-51,2.675399971008301,2.7087999820709228,2.6159999847412108,2.667199945449829,137085.4,0.008241571634581179
2020-52,2.6527499556541443,2.740249991416931,2.6007500290870667,2.703000009059906,88928.25,-0.01744672493510305
2020-53,2.4332500100135803,2.462999999523163,2.333999991416931,2.3820000290870667,96426.25,0.0020763563285005754
2021-01,2.6856000423431396,2.7314000606536863,2.6104000091552733,2.6619999408721924,141421.0,0.01229629488528194
2021-02,2.7259999752044677,2.825399971008301,2.6621999740600586,2.7089999675750733,172391.4,0.0027221270412738805
2021-03,2.505500018596649,2.5737500190734863,2.462249994277954,2.5550000071525574,127225.5,-0.028102087015901125
2021-04,2.649199962615967,2.6978000164031983,2.578800010681152,2.6300000190734862,104281.6,0.00942288376853664
2021-05,2.856399965286255,2.9602000236511232,2.7711999893188475,2.823799991607666,219097.8,0.02206030002930682
2021-06,2.881599998474121,2.985200023651123,2.8092000484466553,2.8911999225616456,222109.8,0.0033940226453320205
2021-07,3.124750018119812,3.244000017642975,3.0142499804496765,3.119499981403351,186570.0,0.013127916868126125
2021-08,2.8467999935150146,2.904199981689453,2.8046000003814697,2.882599973678589,91212.4,-0.020428708932164998
2021-09,2.7757999897003174,2.826800060272217,2.7294000148773194,2.7953999996185304,106859.0,-0.0051172334421783
2021-10,2.6571999549865724,2.7076000213623046,2.6164000034332275,2.6727999687194823,109069.2,-0.00762213145653876
2021-11,2.518000030517578,2.554400014877319,2.4648000240325927,2.525200033187866,109030.0,-0.005063547489249761
2021-12,2.546999931335449,2.578000020980835,2.5027999877929688,2.5380000114440917,64052.8,0.0017281989648846197
2021-13,2.6139999628067017,2.653500020503998,2.5699999928474426,2.6079999804496765,103369.25,0.007891342166804951
2021-14,2.5070000171661375,2.5634000301361084,2.4759999752044677,2.519599962234497,136844.8,-0.00875260028074214
2021-15,2.6272000312805175,2.658799982070923,2.5817999839782715,2.5967999935150146,133960.4,0.01183595728856614
2021-16,2.7294000148773194,2.7559999942779543,2.691200017929077,2.723000001907349,95683.8,0.0036969593502649604
2021-17,2.8859999656677244,2.908999967575073,2.825,2.845199966430664,86279.4,0.0142084087186023
2021-18,2.9513999938964846,2.9853999614715576,2.9116000175476073,2.950399971008301,95996.6,0.0018339371625213
2021-19,2.9579999923706053,2.988599967956543,2.917400026321411,2.962000036239624,94081.2,0.00020273838710364
2021-20,2.9831999778747558,3.053600025177002,2.952600049972534,3.011800003051758,108361.2,-0.0037499014326015214
2021-21,2.9453999996185303,2.9856000423431395,2.8997999668121337,2.933199977874756,87159.2,0.0054314378391634
2021-22,3.0792499780654907,3.121749997138977,3.0267500281333923,3.066249966621399,131736.25,0.009124785966392676
2021-23,3.1543999671936036,3.2021999835968016,3.102199983596802,3.1272000312805175,165038.0,0.01245514995631738
2021-24,3.2621999740600587,3.305799961090088,3.2052000045776365,3.2699999809265137,126761.6,-0.004976456442392601
2021-25,3.33919997215271,3.3661999225616457,3.2582000255584718,3.2803999900817873,68800.0,0.01675842830626436
2021-26,3.6516000747680666,3.752199983596802,3.569800043106079,3.6290000438690186,163387.4,0.01134267200274256
2021-27,3.6487500071525574,3.7477500438690186,3.581250011920929,3.6605000495910645,135269.75,-0.0017629597489538511
2021-28,3.6786000728607178,3.732200050354004,3.6218000411987306,3.6796000480651854,115208.4,0.0
2021-29,3.935399961471558,3.9528000354766846,3.833800029754639,3.8640000343322756,106105.6,0.019980393195615582
2021-30,4.018000078201294,4.10339994430542,3.9200000762939453,4.011800003051758,102286.0,-0.007324616354877679
2021-31,4.079999923706055,4.14399995803833,4.022600078582764,4.061800003051758,130555.6,0.011227175568364419
2021-32,4.000400066375732,4.0920000076293945,3.9485999584197997,4.0578001022338865,161882.8,-0.013953904499429121
2021-33,3.863199996948242,3.9297999858856203,3.795199966430664,3.857199954986572,111736.2,-0.00051867198636904
2021-34,4.058399963378906,4.105599975585937,3.934600019454956,3.962000036239624,94064.2,0.025286021952254017
2021-35,4.529999828338623,4.6187999725341795,4.395600032806397,4.495999908447265,168694.8,0.01506988815233184
2021-36,4.862750053405762,4.9722501039505005,4.7187501192092896,4.806749939918518,198572.25,0.011712002046293076
2021-37,5.2782000541687015,5.460400009155274,5.117600059509277,5.2208000183105465,213509.6,0.006652004697277619
2021-38,4.9421998977661135,5.067199993133545,4.823000049591064,4.91639986038208,116276.2,0.0013665196277286185
2021-39,5.7020000457763675,6.0180000305175785,5.414600086212158,5.655999946594238,210111.6,0.01782013023414692
2021-40,5.798999977111817,6.126600074768066,5.604399967193603,5.85,221321.8,-0.0019313419305064586
2021-41,5.507399940490723,5.75359992980957,5.366000080108643,5.575199985504151,191335.4,-0.005649586071221379
2021-42,5.12839994430542,5.259400081634522,4.963799953460693,5.139400005340576,128543.8,-0.00486458543980096
2021-43,5.838000011444092,6.086599922180175,5.58819990158081,5.830999946594238,121810.2,0.005455219715278678
2021-44,5.525999927520752,5.712600040435791,5.364599990844726,5.522599983215332,147778.4,0.0032901373110620193
2021-45,5.045200061798096,5.2986000061035154,4.931199932098389,5.2045999526977536,160080.4,-0.02818275755514828
2021-46,4.995400047302246,5.1624000549316404,4.840999984741211,4.982199954986572,125099.6,0.01112300283746264
2021-47,5.067749977111816,5.187749862670898,4.816999912261963,4.930750012397766,81564.75,0.018177713576493122
2021-48,4.373400020599365,4.676799964904785,4.32559986114502,4.609599971771241,157300.4,-0.0552606918864245
2021-49,3.783799982070923,3.906999969482422,3.699000024795532,3.7712000370025636,152190.0,-0.01027904095721412
2021-50,3.7598000049591063,3.9282000064849854,3.7136000633239745,3.8317999839782715,122839.8,-0.0123479731052638
2021-51,3.852500021457672,3.9794999957084656,3.694000005722046,3.831249952316284,106468.0,0.0027624515914060517
2021-52,3.8860000133514405,4.052399969100952,3.746999979019165,3.908999967575073,86845.0,-5.3608231140039873e-05
2022-01,3.828399991989136,3.922000026702881,3.7330000400543213,3.7935999393463136,114573.0,0.009732491529840598
2022-02,4.343400001525879,4.500399971008301,4.1023999691009525,4.308399963378906,169443.6,0.01693357138980648
2022-03,4.028750061988831,4.214000105857849,3.9600000381469727,4.13400000333786,102612.75,-0.015923551344617724
2022-04,4.652199935913086,4.951799964904785,4.058399963378906,4.097200012207031,114306.8,0.029690892924723645
2022-05,4.917199993133545,5.2288000106811525,4.6949999809265135,5.00600004196167,192277.8,-0.0029096121679105997
2022-06,4.077799987792969,4.246399974822998,4.006799936294556,4.1699999332427975,164203.0,-0.02970325148640578
2022-07,4.4270001411437985,4.56879997253418,4.267999935150146,4.367600154876709,121929.2,0.023438170078374062
2022-08,4.539749979972839,4.80525004863739,4.402500033378601,4.56850004196167,97196.75,0.002190754238888726
2022-09,4.6949999809265135,4.840399932861328,4.532400035858155,4.63459997177124,124792.4,0.02304888011496364
2022-10,4.648400020599365,4.8317999839782715,4.57180004119873,4.720999908447266,110294.2,-0.011953044300236238
2022-11,4.765399932861328,4.834999942779541,4.612199974060059,4.737199974060059,80507.4,0.0057575946804004
2022-12,5.258199977874756,5.310200023651123,5.025,5.103999900817871,77289.4,0.027183814935568658
2022-13,5.562199974060059,5.675399971008301,5.380600070953369,5.506999969482422,120258.0,0.0052788359739912
2022-14,6.081999969482422,6.286000061035156,5.935599994659424,6.026399993896485,169993.6,0.0186165340527394
2022-15,6.90500009059906,7.026500105857849,6.612249970436096,6.712249994277954,209243.5,0.0377057338266967
2022-16,7.084799957275391,7.5279998779296875,6.85019998550415,7.231799983978272,162379.8,-0.02217101467276118
2022-17,6.983600044250489,7.223400020599366,6.698200035095215,6.888399982452393,95611.6,0.02063084666199076
2022-18,8.134000015258788,8.43380002975464,7.712199878692627,7.993000030517578,145006.6,0.020925728240414183
2022-19,7.4906000137329105,7.835999965667725,7.091599941253662,7.498999977111817,140221.6,-0.00967972190075128
2022-20,8.20379991531372,8.358399963378906,7.916000080108643,8.077199935913086,85387.8,0.010671909495598538
2022-21,8.829199981689452,9.089400100708009,8.458199882507325,8.686400222778321,80991.4,0.01533171637548034
2022-22,8.462249994277954,8.864250183105469,8.226999998092651,8.584999799728394,107921.25,-0.005913332872967176
2022-23,9.025400161743164,9.358599853515624,8.599399948120118,9.013999938964844,179703.8,0.007529827666672798
2022-24,7.525200080871582,8.230399990081787,7.360400009155273,7.973799991607666,161210.8,-0.04850791165523164
2022-25,6.5312498807907104,6.770749926567078,6.331249952316284,6.675250053405762,79271.25,-0.027527017706940327
2022-26,6.1407999992370605,6.537600040435791,5.949600124359131,6.267199993133545,99129.2,-0.016410867792897455
2022-27,5.840999960899353,6.082499980926514,5.551249980926514,5.72475004196167,104669.0,0.012923648351326601
2022-28,6.578800010681152,6.86299991607666,6.28080005645752,6.498000049591065,117032.4,0.030156619649733197
2022-29,7.796199989318848,7.945599842071533,7.343400001525879,7.535400104522705,91477.6,0.03358835483323323
2022-30,8.554000091552734,8.999399757385254,8.339400100708009,8.563999938964844,68719.2,-0.0016940976252592405
2022-31,8.088199901580811,8.341799926757812,7.730199909210205,8.048199939727784,111711.0,-0.004050956867278179
2022-32,8.253199863433839,8.397200012207032,7.9108000755310055,8.067799949645996,105597.6,0.01673979255327528
2022-33,9.16500015258789,9.416400146484374,8.818400001525879,9.043400192260743,90978.8,0.0125538504405534
2022-34,9.374799919128417,9.710400009155274,9.13380012512207,9.370400047302246,64269.2,-0.0008587586313821803
2022-35,9.113999938964843,9.380000114440918,8.868400192260742,9.267399978637695,89917.4,-0.01128491500312652
2022-36,7.974500060081482,8.423500061035156,7.8084999322891235,8.220749855041504,118258.5,-0.023554545236990302
2022-37,8.347000122070312,8.707200050354004,8.051200008392334,8.433799934387206,115200.0,-0.005888747163196681
2022-38,7.432999992370606,7.817800045013428,7.2817998886108395,7.64980001449585,95246.2,-0.02569316849138934
2022-39,6.812399959564209,7.034799957275391,6.580599975585938,6.873999881744385,68491.4,-0.00182435501508178
2022-40,6.791399955749512,6.970200061798096,6.539599895477295,6.786600017547608,108335.6,-0.0005327707495371807
2022-41,6.5320000648498535,6.778800010681152,6.383599948883057,6.576599979400635,112324.6,-0.00894020731419988
2022-42,5.504599952697754,5.826599979400635,5.433599948883057,5.740999984741211,109523.2,-0.05266820395585044
2022-43,5.457599925994873,5.667999935150147,5.142199993133545,5.487399959564209,69982.2,0.027290216620840503
2022-44,6.142400074005127,6.3480000495910645,5.798200035095215,6.013599967956543,117206.4,0.02372855846948336
2022-45,6.21299991607666,6.632200050354004,5.976399993896484,6.394399929046631,132917.0,-0.016982258810423718
2022-46,6.167799949645996,6.37819995880127,5.933000087738037,6.181999969482422,102017.4,0.01392779901595384
2022-47,6.971750020980835,7.204249978065491,6.572250008583069,6.817000031471252,68874.25,0.027076793483636147
2022-48,6.7791999816894535,7.151599979400634,6.665400123596191,7.049599933624267,105014.4,-0.02236073097850588
2022-49,5.795199966430664,6.026199913024902,5.568000030517578,5.734800052642822,157280.0,-0.0011496200168239212
2022-50,6.704399871826172,7.00959997177124,6.3799999237060545,6.738799953460694,147000.6,0.01105770186608698
2022-51,5.317399978637695,5.737600040435791,5.217199897766113,5.586599922180175,88716.2,-0.052391048702946696
2022-52,4.756250023841858,4.988749980926514,4.617249846458435,4.947750091552734,74224.5,-0.0316520151630937
2023-01,3.897499978542328,4.156750023365021,3.7412500381469727,4.080000042915344,109582.0,-0.04686861087852852
2023-02,3.6667999744415285,3.9043999671936036,3.5480000019073485,3.733400011062622,122309.8,-0.0163367604928301
2023-03,3.33650004863739,3.5544999837875366,3.26800000667572,3.4202499985694885,117392.0,-0.01858886363027545
2023-04,3.1649999618530273,3.317799997329712,3.0104000091552736,3.204200029373169,82014.0,-0.00413830185381048
2023-05,2.5390000343322754,2.6835999965667723,2.4922000408172607,2.6191999912261963,165934.0,-0.050934867506057024
2023-06,2.476200008392334,2.578000020980835,2.383000040054321,2.4789999961853026,206113.4,0.008449660554598736
2023-07,2.421399974822998,2.563800001144409,2.363000011444092,2.4929999828338625,168833.2,-0.019978998313457442
2023-08,2.25299996137619,2.387750029563904,2.106499969959259,2.1992499828338623,97893.75,0.018629000026704028
2023-09,2.812600040435791,2.8513999938964845,2.6536000251770018,2.748400068283081,175232.8,0.04102234482730186
2023-10,2.556600046157837,2.685599994659424,2.4894000053405763,2.635799932479858,158755.8,-0.042743306748286455
2023-11,2.49399995803833,2.5979999542236327,2.4121999740600586,2.527400016784668,121057.4,-0.00771907929695412
2023-12,2.2224000453948975,2.321999979019165,2.1533999919891356,2.256599998474121,102792.0,-0.010718416660927838
2023-13,2.085800051689148,2.155799961090088,2.0309999704360964,2.106600046157837,115192.0,0.0
2023-14,2.0922499299049377,2.1759999990463257,2.0370000302791595,2.109000027179718,117452.5,-0.02426793375707935
2023-15,2.1144000053405763,2.192200040817261,2.0293999671936036,2.104200029373169,235192.4,0.00998997124756122
2023-16,2.269000005722046,2.325399923324585,2.1712000370025635,2.236799955368042,131634.4,0.010952812910166702
2023-17,2.292400026321411,2.355399990081787,2.2010000228881834,2.2786000251770018,110743.6,0.015256158464297537
2023-18,2.1880000591278077,2.2703999996185305,2.1381999969482424,2.2357999801635744,120102.4,-0.02404475350167584
2023-19,2.230399990081787,2.2814000606536866,2.1592000484466554,2.206400012969971,132949.6,0.0117226322613121
2023-20,2.4585999965667726,2.5216000080108643,2.3644000053405763,2.3990000247955323,153172.6,0.026341869160460756
2023-21,2.321400022506714,2.4260000228881835,2.2805999755859374,2.4040000438690186,79096.6,-0.03398840762430756
2023-22,2.2307499647140503,2.343500018119812,2.194499969482422,2.2887500524520874,175289.5,-0.0010337785344321235
2023-23,2.2883999824523924,2.3343999862670897,2.226800012588501,2.2808000087738036,173305.6,0.00741160446236862
2023-24,2.422599983215332,2.4610000133514403,2.3224000453948976,2.363599967956543,190044.8,0.031007521819645462
2023-25,2.606500029563904,2.6675000190734863,2.4952499866485596,2.5794999599456787,129304.75,0.009047818351510825
2023-26,2.731199979782105,2.8076000213623047,2.6573999881744386,2.7323999881744383,101307.2,0.00499392714696494
2023-27,2.6392500400543213,2.725250005722046,2.6100000143051147,2.678749978542328,104356.0,-0.020085152984068926
2023-28,2.623199987411499,2.6923999309539797,2.569800043106079,2.6386000156402587,137463.6,-0.0033587965656659605
2023-29,2.642799997329712,2.691800022125244,2.5802000522613526,2.6155999660491944,121570.4,0.013256947845307699
2023-30,2.6420000076293944,2.719000005722046,2.5943999767303465,2.674600028991699,86057.4,-0.005606799367550939
2023-31,2.5625999927520753,2.6308000087738037,2.519199991226196,2.5842000007629395,124834.8,-0.00467903294207212
2023-32,2.798799991607666,2.880799961090088,2.696399974822998,2.772999954223633,224484.8,0.014444283878115981
2023-33,2.643600034713745,2.7339999675750732,2.612600040435791,2.695599985122681,128495.0,-0.0164723655594533
2023-34,2.5495999813079835,2.601200008392334,2.492199993133545,2.5477999687194823,83170.4,-0.0008642839008587009
2023-35,2.692799997329712,2.766399955749512,2.62979998588562,2.692400026321411,130748.0,0.0169753213804745
2023-36,2.569000005722046,2.6487500071525574,2.5352500081062317,2.5947500467300415,134138.5,-0.014901997596779626
2023-37,2.6766000270843504,2.7513999938964844,2.623800039291382,2.6791999340057373,157328.4,0.0029720519322169194
2023-38,2.711199998855591,2.776599979400635,2.640000009536743,2.705600070953369,117207.0,-0.0005302005983664592
2023-39,2.7865999221801756,2.8193999767303466,2.704200029373169,2.7581999778747557,93522.0,0.02100381895740496
2023-40,3.050999927520752,3.1096000194549562,2.9441999435424804,2.982200002670288,175377.6,0.026142161793940723
2023-41,3.343000030517578,3.4299999713897704,3.276999998092651,3.371399974822998,177864.8,-0.00620676497912892
2023-42,3.0199999809265137,3.1098000049591064,2.987400007247925,3.0802000522613526,140831.0,-0.021994438492311103
2023-43,3.057000017166138,3.1323999881744387,2.960799980163574,3.0153999805450438,85116.4,0.017494247032065938
2023-44,3.4815999984741213,3.5478000164031984,3.3840000152587892,3.4691999912261964,147547.8,0.021040498870205402
2023-45,3.1167999744415282,3.2257999897003176,3.0834000587463377,3.196400022506714,158794.4,-0.02949746578327208
2023-46,3.103000020980835,3.2324000358581544,3.0276000022888185,3.1217999935150145,161112.0,-0.0048725889935046
2023-47,2.882800006866455,2.937999963760376,2.8362000465393065,2.900800037384033,73988.2,-0.0072234862869510795
2023-48,2.783999967575073,2.8407999992370607,2.7305999755859376,2.7936000347137453,135352.4,-0.0028929859463002203
2023-49,2.6278000354766844,2.7052000045776365,2.578399991989136,2.6507999420166017,187905.6,-0.017285992917583058
2023-50,2.3920000076293944,2.4603999614715577,2.3026000022888184,2.3934000015258787,231534.6,-0.007098548891442161
2023-51,2.52480001449585,2.595199966430664,2.4438000202178953,2.518000030517578,115474.6,0.009333194025870881
2023-52,2.559999942779541,2.6100000143051147,2.4792500138282776,2.5297499895095825,96421.0,-0.009368773812870075
2024-01,2.737500011920929,2.790749967098236,2.6057499647140503,2.678250014781952,173185.0,0.03510472530136865
2024-02,3.123799991607666,3.247600030899048,2.9162000179290772,3.0414000511169434,269676.2,0.027112025056744114
2024-03,2.746500015258789,2.9552499651908875,2.6894999742507935,2.885999917984009,167185.0,-0.06849802345187433
2024-04,2.5585999965667723,2.669600009918213,2.4162000179290772,2.521000051498413,74846.8,0.0147648624243439
2024-05,2.1591999530792236,2.2609999656677244,2.10959997177124,2.203599977493286,146724.8,-0.05315986473047274
2024-06,1.9644000291824342,2.0294000148773192,1.935599970817566,2.007200002670288,192451.6,-0.02366486085497818
2024-07,1.6511999845504761,1.727999997138977,1.6248000144958497,1.685599970817566,218284.0,-0.0275899709816181
2024-08,1.6710000038146973,1.7517500221729279,1.6102499961853027,1.6895000040531158,126880.5,-0.0009339865672131527
2024-09,1.7708000183105468,1.8324000120162964,1.7051999807357787,1.7644000053405762,137384.2,0.027033520141180878
2024-10,1.8849999904632568,1.9546000242233277,1.8435999870300293,1.8952000141143799,150439.2,-0.0032967879139117807
2024-11,1.705399990081787,1.7843999862670898,1.6754000186920166,1.7401999950408935,171809.2,-0.01735191423672742
2024-12,1.6975999832153321,1.744200015068054,1.673799991607666,1.7078000068664552,100539.2,0.0004828086470467001
2024-13,1.6677500307559967,1.7242499887943268,1.6149999797344208,1.6945000290870667,127145.5,0.015200468782470375
2024-14,1.8197999954223634,1.8632000207901,1.7687999963760377,1.8134000062942506,168645.8,0.0024802973250224597
2024-15,1.8269999980926515,1.8787999868392944,1.7871999979019164,1.829199981689453,199863.0,-0.0016877721444698186
2024-16,1.7287999868392945,1.7808000087738036,1.6848000049591065,1.722000002861023,173862.6,-0.0020443115985185195
2024-17,1.7016000032424927,1.7582000017166137,1.6329999685287475,1.7329999923706054,86347.4,-0.016408486202716337
2024-18,2.0260000228881836,2.0656000137329102,1.9438000202178956,1.9777999639511108,161667.6,0.056604881304495744
2024-19,2.2284000396728514,2.285200023651123,2.167400026321411,2.2176000595092775,169278.0,0.01001575969046152
2024-20,2.452399969100952,2.4868000507354737,2.3413999557495115,2.369399976730347,181684.2,0.03072859930032166
2024-21,2.688199996948242,2.8076000690460203,2.6014000415802,2.706400012969971,147748.0,-0.00824057086509766
2024-22,2.5604999661445618,2.6489999890327454,2.4929999709129333,2.5822499990463257,136653.25,0.00655999199040225
2024-23,2.7676000118255617,2.851800012588501,2.66419997215271,2.7220000267028808,212125.2,0.02407991646033062
2024-24,2.984000015258789,3.0955999851226808,2.918199968338013,3.0088000297546387,217237.0,-0.002552194710078381
2024-25,2.7857499718666077,2.8704999685287476,2.731500029563904,2.8115000128746033,141428.25,-0.015758896643424877
2024-26,2.6962000370025634,2.7946000576019285,2.642799997329712,2.7317999839782714,111263.4,-0.00784117409890836
2024-27,2.412499964237213,2.5015000104904175,2.402750015258789,2.4847500324249268,154658.0,-0.028689988214564824
2024-28,2.3271999835968016,2.3831999778747557,2.2802000045776367,2.3163999557495116,143188.4,0.0008605857046869003
2024-29,2.126800012588501,2.197599983215332,2.078399991989136,2.151999998092651,158877.4,-0.018051281585095856
2024-30,2.12039999961853,2.188800048828125,2.0687999725341797,2.1360000133514405,85891.6,-0.011807974176197658
2024-31,2.0007999897003175,2.0977999687194826,1.9509999990463256,2.046399998664856,173610.4,-0.003926633434441261
2024-32,2.0667999982833862,2.0985999584197996,1.9848000288009644,2.0366000175476078,189495.4,0.01713942413873116
2024-33,2.1751999855041504,2.2576000690460205,2.1466000080108643,2.188199996948242,175903.4,-0.00187530505616086
2024-34,2.136999988555908,2.2067999839782715,2.0874000072479246,2.164200019836426,129990.8,-0.00974859626231334
2024-35,2.01080002784729,2.063199996948242,1.9587999820709228,2.0251999616622927,114073.0,0.01012508455421142
2024-36,2.2192500233650208,2.268749952316284,2.1387500762939453,2.1857499480247498,172383.5,0.016816878541175823
2024-37,2.26680006980896,2.326200008392334,2.200600004196167,2.2507999897003175,181805.2,0.0026201222175715987
2024-38,2.3525999546051026,2.406200075149536,2.276800012588501,2.329400062561035,165100.0,0.01089105908476638
2024-39,2.6576000213623048,2.719999980926514,2.5599999904632567,2.612599992752075,137916.4,0.035172827307812196
2024-40,2.9058000087738036,2.9793999671936033,2.858200025558472,2.919199991226196,157491.0,-0.003335717248005239
2024-41,2.689200019836426,2.754199981689453,2.6477999687194824,2.7206000328063964,181883.4,-0.016195509853028277
2024-42,2.392799949645996,2.4917999744415282,2.3730000019073487,2.464000034332275,153924.4,-0.030652916350992078
2024-43,2.4094000339508055,2.4693999767303465,2.3143999576568604,2.363200044631958,141039.2,0.02510556320528858
2024-44,2.574000024795532,2.675999975204468,2.511599969863892,2.636800003051758,149606.8,0.007889222160307439
2024-45,2.7119999885559083,2.787000036239624,2.624799966812134,2.6865999698638916,167190.2,0.00045009797869793834
2024-46,2.883600044250488,2.9633999824523927,2.7802000045776367,2.8763999938964844,221363.8,0.011219259244218441
2024-47,3.1263999938964844,3.257200002670288,2.9889999866485595,3.088800001144409,182785.2,0.020582663034494197
2024-48,3.3417499661445618,3.4537500143051147,3.2207499742507935,3.3372499346733093,176971.25,0.018029989893727325
2024-49,3.09060001373291,3.1694000244140623,3.038800001144409,3.1266000270843506,187454.4,-0.01784067284415952
2024-50,3.291599988937378,3.3938000202178955,3.1866000175476072,3.2927999973297117,262115.2,0.012842674018198042
2024-51,3.4456000328063965,3.512400007247925,3.2986000061035154,3.368400001525879,202450.4,0.026675785153353122
2024-52,3.7077499628067017,3.949750065803528,3.5672499537467957,3.810249984264374,112410.5,-0.016116841761105373
2025-01,3.645750045776367,3.923500120639801,3.5239999294281006,3.7242499589920044,225910.0,-0.011650320424541854
2025-02,3.6923999786376953,3.801200008392334,3.518600034713745,3.619599962234497,194769.2,0.0346773805572421
2025-03,4.038199996948242,4.240999984741211,3.8736000537872313,4.128400087356567,185912.6,-0.0020662967014795806
2025-04,3.921999990940094,4.005249977111816,3.774750053882599,3.883750021457672,136774.25,0.0049531398945660745
2025-05,3.3587999820709227,3.4986000061035156,3.2616000175476074,3.415000009536743,127709.8,-0.055969851801019946
2025-06,3.3363999843597414,3.4001999855041505,3.2315999984741213,3.304200029373169,198533.4,0.0166947246002398
2025-07,3.576200008392334,3.6466000080108643,3.4940000057220457,3.519799995422363,224962.4,0.02368415853575056
2025-08,4.16825008392334,4.332749962806702,3.9207499027252197,4.0454999804496765,253867.25,0.032020098783850225
2025-09,4.001999914646149,4.13824999332428,3.894749939441681,4.037000060081482,129657.25,-0.0183726243798413
